[{"name":"Tenth Edition","code":"10E","tcgplayer_name":"10th Edition"}, {"name":"Unlimited Edition","code":"2ED","tcgplayer_name":"Unlimited Edition"}, {"name":"Revised Edition","code":"3ED","tcgplayer_name":"Revised Edition"}, {"name":"Fourth Edition","code":"4ED","tcgplayer_name":"Fourth Edition"}, {"name":"Fifth Dawn","code":"5DN","tcgplayer_name":"Fifth Dawn"}, {"name":"Fifth Edition","code":"5ED","tcgplayer_name":"Fifth Edition"}, {"name":"Classic Sixth Edition","code":"6ED","tcgplayer_name":"Classic Sixth Edition"}, {"name":"Seventh Edition","code":"7ED","tcgplayer_name":"7th Edition"}, {"name":"Eighth Edition","code":"8ED","tcgplayer_name":"8th Edition"}, {"name":"Ninth Edition","code":"9ED","tcgplayer_name":"9th Edition"}, {"name":"Shards of Alara","code":"ALA","tcgplayer_name":"Shards of Alara"}, {"name":"Alliances","code":"ALL","tcgplayer_name":"Alliances"}, {"name":"Apocalypse","code":"APC","tcgplayer_name":"Apocalypse"}, {"name":"Alara Reborn","code":"ARB","tcgplayer_name":"Alara Reborn"}, {"name":"Archenemy","code":"ARC","tcgplayer_name":"Archenemy"}, {"name":"Arabian Nights","code":"ARN","tcgplayer_name":"Arabian Nights"}, {"name":"Anthologies","code":"ATH","tcgplayer_name":"Anthologies"}, {"name":"Antiquities","code":"ATQ","tcgplayer_name":"Antiquities"}, {"name":"Avacyn Restored","code":"AVR","tcgplayer_name":"Avacyn Restored"}, {"name":"Born of the Gods","code":"BNG","tcgplayer_name":"Born of the Gods"}, {"name":"Betrayers of Kamigawa","code":"BOK","tcgplayer_name":"Betrayers of Kamigawa"}, {"name":"Battle Royale Box Set","code":"BRB","tcgplayer_name":"Battle Royale Box Set"}, {"name":"Beatdown Box Set","code":"BTD","tcgplayer_name":"Beatdown Box Set"}, {"name":"Commander 2013 Edition","code":"C13","tcgplayer_name":"Commander 2013"}, {"name":"Commander 2014","code":"C14","tcgplayer_name":"Commander 2014"}, {"name":"Champions of Kamigawa","code":"CHK","tcgplayer_name":"Champions of Kamigawa"}, {"name":"Chronicles","code":"CHR","tcgplayer_name":"Chronicles"}, {"name":"Commander's Arsenal","code":"CM1","tcgplayer_name":"Commander's Arsenal"}, {"name":"Commander's Arsenal","code":"CMA","tcgplayer_name":"Commander's Arsenal"}, {"name":"Magic: The Gathering-Commander","code":"CMD","tcgplayer_name":"Commander"}, {"name":"Magic: The Gathering\u00e2\u20ac\u201dConspiracy","code":"CNS","tcgplayer_name":"Conspiracy"}, {"name":"Conflux","code":"CON","tcgplayer_name":"Conflux"}, {"name":"Coldsnap","code":"CSP","tcgplayer_name":"Coldsnap"}, {"name":"Duel Decks: Jace vs. Chandra","code":"DD2","tcgplayer_name":"duel decks: jace vs chandra"}, {"name":"Duel Decks: Divine vs. Demonic","code":"DDC","tcgplayer_name":"duel decks: divine vs demonic"}, {"name":"Duel Decks: Garruk vs. Liliana","code":"DDD","tcgplayer_name":"duel decks: garruk vs liliana"}, {"name":"Duel Decks: Phyrexia vs. the Coalition","code":"DDE","tcgplayer_name":"duel decks: phyrexia vs the coalition"}, {"name":"Duel Decks: Elspeth vs. Tezzeret","code":"DDF","tcgplayer_name":"duel decks: elspeth vs tezzeret"}, {"name":"Duel Decks: Knights vs. Dragons","code":"DDG","tcgplayer_name":"duel decks: knights vs dragons"}, {"name":"Duel Decks: Ajani vs. Nicol Bolas","code":"DDH","tcgplayer_name":"Duel Decks: Ajani vs. Nicol Bolas"}, {"name":"Duel Decks: Venser vs. Koth","code":"DDI","tcgplayer_name":"duel decks: venser vs koth"}, {"name":"Duel Decks: Izzet vs. Golgari","code":"DDJ","tcgplayer_name":"duel decks: izzet vs golgari"}, {"name":"Duel Decks: Sorin vs. Tibalt","code":"DDK","tcgplayer_name":"duel decks: sorin vs tibalt"}, {"name":"Duel Decks: Heroes vs. Monsters","code":"DDL","tcgplayer_name":"duel decks: heroes vs monsters"}, {"name":"Duel Decks: Jace vs. Vraska","code":"DDM","tcgplayer_name":"duel decks: jace vs vraska"}, {"name":"Duel Decks: Speed vs. Cunning","code":"DDN","tcgplayer_name":"duel decks: speed vs cunning"}, {"name":"Dragon's Maze","code":"DGM","tcgplayer_name":"Dragon's Maze"}, {"name":"Dissension","code":"DIS","tcgplayer_name":"Dissension"}, {"name":"Dark Ascension","code":"DKA","tcgplayer_name":"Dark Ascension"}, {"name":"From the Vault: Dragons","code":"DRB","tcgplayer_name":"From the Vault: Dragons"}, {"name":"The Dark","code":"DRK","tcgplayer_name":"The Dark"}, {"name":"Darksteel","code":"DST","tcgplayer_name":"Darksteel"}, {"name":"Eventide","code":"EVE","tcgplayer_name":"Eventide"}, {"name":"Duel Decks: Elves vs. Goblins","code":"EVG","tcgplayer_name":"duel decks: elves vs goblins"}, {"name":"Exodus","code":"EXO","tcgplayer_name":"Exodus"}, {"name":"Fallen Empires","code":"FEM","tcgplayer_name":"Fallen Empires"}, {"name":"Fate Reforged","code":"FRF","tcgplayer_name":"Fate Reforged"}, {"name":"Future Sight","code":"FUT","tcgplayer_name":"Future Sight"}, {"name":"Guildpact","code":"GPT","tcgplayer_name":"Guildpact"}, {"name":"Gatecrash","code":"GTC","tcgplayer_name":"Gatecrash"}, {"name":"Premium Deck Series: Slivers","code":"H09","tcgplayer_name":"Premium Deck Series: Slivers"}, {"name":"Happy Holidays","code":"HHO","tcgplayer_name":"Happy Holidays"}, {"name":"Homelands","code":"HML","tcgplayer_name":"Homelands"}, {"name":"Planechase","code":"HOP","tcgplayer_name":"Planechase"}, {"name":"Ice Age","code":"ICE","tcgplayer_name":"Ice Age"}, {"name":"Invasion","code":"INV","tcgplayer_name":"Invasion"}, {"name":"Innistrad","code":"ISD","tcgplayer_name":"Innistrad"}, {"name":"Introductory Two-Player Set","code":"ITP","tcgplayer_name":"Introductory Two-Player Set"}, {"name":"Journey into Nyx","code":"JOU","tcgplayer_name":"Journey into Nyx"}, {"name":"Judgment","code":"JUD","tcgplayer_name":"Judgment"}, {"name":"Khans of Tarkir","code":"KTK","tcgplayer_name":"Khans of Tarkir"}, {"name":"Limited Edition Alpha","code":"LEA","tcgplayer_name":"Alpha Edition"}, {"name":"Limited Edition Beta","code":"LEB","tcgplayer_name":"Beta Edition"}, {"name":"Legends","code":"LEG","tcgplayer_name":"Legends"}, {"name":"Legions","code":"LGN","tcgplayer_name":"Legions"}, {"name":"Lorwyn","code":"LRW","tcgplayer_name":"Lorwyn"}, {"name":"Magic 2010","code":"M10","tcgplayer_name":"Magic 2010 (M10)"}, {"name":"Magic 2011","code":"M11","tcgplayer_name":"Magic 2011 (M11)"}, {"name":"Magic 2012","code":"M12","tcgplayer_name":"Magic 2012 (M12)"}, {"name":"Magic 2013","code":"M13","tcgplayer_name":"Magic 2013 (M13)"}, {"name":"Magic 2014 Core Set","code":"M14","tcgplayer_name":"Magic 2014 (M14)"}, {"name":"Magic 2015 Core Set","code":"M15","tcgplayer_name":"Magic 2015 (M15)"}, {"name":"Mirrodin Besieged","code":"MBS","tcgplayer_name":"Mirrodin Besieged"}, {"name":"Modern Event Deck 2014","code":"MD1","tcgplayer_name":"Modern Event Deck"}, {"name":"Masters Edition II","code":"ME2","tcgplayer_name":"Masters Edition II"}, {"name":"Masters Edition III","code":"ME3","tcgplayer_name":"Masters Edition III"}, {"name":"Masters Edition IV","code":"ME4","tcgplayer_name":"Masters Edition IV"}, {"name":"Masters Edition","code":"MED","tcgplayer_name":"Masters Edition"}, {"name":"Mirage","code":"MIR","tcgplayer_name":"Mirage"}, {"name":"Modern Masters","code":"MMA","tcgplayer_name":"Modern Masters"}, {"name":"Mercadian Masques","code":"MMQ","tcgplayer_name":"Mercadian Masques"}, {"name":"Morningtide","code":"MOR","tcgplayer_name":"Morningtide"}, {"name":"Mirrodin","code":"MRD","tcgplayer_name":"Mirrodin"}, {"name":"Nemesis","code":"NMS","tcgplayer_name":"Nemesis"}, {"name":"New Phyrexia","code":"NPH","tcgplayer_name":"New Phyrexia"}, {"name":"Odyssey","code":"ODY","tcgplayer_name":"Odyssey"}, {"name":"Onslaught","code":"ONS","tcgplayer_name":"Onslaught"}, {"name":"Planechase 2012 Edition","code":"PC2","tcgplayer_name":"Planechase 2012"}, {"name":"Prophecy","code":"PCY","tcgplayer_name":"Prophecy"}, {"name":"Premium Deck Series: Fire & Lightning","code":"PD2","tcgplayer_name":"Premium Deck Series: Fire and Lightning"}, {"name":"Premium Deck Series: Graveborn","code":"PD3","tcgplayer_name":"Premium Deck Series: Graveborn"}, {"name":"Planar Chaos","code":"PLC","tcgplayer_name":"Planar Chaos"}, {"name":"Planeshift","code":"PLS","tcgplayer_name":"Planeshift"}, {"name":"Portal Second Age","code":"PO2","tcgplayer_name":"Portal Second Age"}, {"name":"Portal","code":"POR","tcgplayer_name":"Portal"}, {"name":"Promo set for Gatherer","code":"PPR","tcgplayer_name":"Promo set for Gatherer"}, {"name":"Portal Three Kingdoms","code":"PTK","tcgplayer_name":"Portal Three Kingdoms"}, {"name":"Ravnica: City of Guilds","code":"RAV","tcgplayer_name":"Ravnica"}, {"name":"Rise of the Eldrazi","code":"ROE","tcgplayer_name":"Rise of the Eldrazi"}, {"name":"Rivals Quick Start Set","code":"RQS","tcgplayer_name":"Rivals Quick Start Set"}, {"name":"Return to Ravnica","code":"RTR","tcgplayer_name":"Return to Ravnica"}, {"name":"Starter 2000","code":"S00","tcgplayer_name":"Starter 2000"}, {"name":"Starter 1999","code":"S99","tcgplayer_name":"Starter 1999"}, {"name":"Scourge","code":"SCG","tcgplayer_name":"Scourge"}, {"name":"Shadowmoor","code":"SHM","tcgplayer_name":"Shadowmoor"}, {"name":"Saviors of Kamigawa","code":"SOK","tcgplayer_name":"Saviors of Kamigawa"}, {"name":"Scars of Mirrodin","code":"SOM","tcgplayer_name":"Scars of Mirrodin"}, {"name":"Stronghold","code":"STH","tcgplayer_name":"Stronghold"}, {"name":"Theros","code":"THS","tcgplayer_name":"Theros"}, {"name":"Tempest","code":"TMP","tcgplayer_name":"Tempest"}, {"name":"Torment","code":"TOR","tcgplayer_name":"Torment"}, {"name":"Time Spiral \"Timeshifted\"","code":"TSB","tcgplayer_name":"Timeshifted"}, {"name":"Time Spiral","code":"TSP","tcgplayer_name":"Time Spiral"}, {"name":"Urza's Destiny","code":"UDS","tcgplayer_name":"Urza's Destiny"}, {"name":"Unglued","code":"UGL","tcgplayer_name":"Unglued"}, {"name":"Urza's Legacy","code":"ULG","tcgplayer_name":"Urza's Legacy"}, {"name":"Unhinged","code":"UNH","tcgplayer_name":"Unhinged"}, {"name":"Urza's Saga","code":"USG","tcgplayer_name":"Urza's Saga"}, {"name":"From the Vault: Exiled","code":"V09","tcgplayer_name":"From the Vault: Exiled"}, {"name":"From the Vault: Relics","code":"V10","tcgplayer_name":"From the Vault: Relics"}, {"name":"From the Vault: Legends","code":"V11","tcgplayer_name":"From the Vault: Legends"}, {"name":"From the Vault: Realms","code":"V12","tcgplayer_name":"From the Vault: Realms"}, {"name":"From the Vault: Twenty","code":"V13","tcgplayer_name":"From the Vault: Twenty"}, {"name":"From the Vault: Annihilation (2014)","code":"V14","tcgplayer_name":"From the Vault: Annihilation"}, {"name":"Vanguard","code":"VAN","tcgplayer_name":"Vanguard"}, {"name":"Visions","code":"VIS","tcgplayer_name":"Visions"}, {"name":"Vintage Masters","code":"VMA","tcgplayer_name":"Vintage Masters"}, {"name":"Weatherlight","code":"WTH","tcgplayer_name":"Weatherlight"}, {"name":"Worldwake","code":"WWK","tcgplayer_name":"Worldwake"}, {"name":"Zendikar","code":"ZEN","tcgplayer_name":"Zendikar"}]
